{"cameraMode":{"drawMode":0,"name":"Shaded","section":"Shading Mode"},"sceneLighting":false,"audioPlay":false,"sceneViewState":{"showFog":true,"showMaterialUpdate":false,"showSkybox":false,"showFlares":true,"showImageEffects":true,"showParticleSystems":true},"in2DMode":false,"pivot":{"x":2.4692001342773439,"y":-2.034372091293335,"z":0.6859480142593384},"rotation":{"x":-0.23833568394184113,"y":-0.6816449165344238,"z":0.2521425783634186,"w":-0.64424729347229},"size":6.745711326599121,"orthographic":false}