{"cameraMode":{"drawMode":0,"name":"Shaded","section":"Shading Mode"},"sceneLighting":false,"audioPlay":false,"sceneViewState":{"showFog":true,"showMaterialUpdate":false,"showSkybox":false,"showFlares":true,"showImageEffects":true,"showParticleSystems":true},"in2DMode":false,"pivot":{"x":-6.288000106811523,"y":0.20078593492507935,"z":-0.6239745020866394},"rotation":{"x":-0.12150482833385468,"y":-0.870341420173645,"z":0.39527595043182375,"w":-0.26751595735549929},"size":0.696597158908844,"orthographic":false}