{"cameraMode":{"drawMode":0,"name":"Shaded","section":"Shading Mode"},"sceneLighting":false,"audioPlay":false,"sceneViewState":{"showFog":true,"showMaterialUpdate":false,"showSkybox":false,"showFlares":true,"showImageEffects":true,"showParticleSystems":true},"in2DMode":false,"pivot":{"x":1.2639397382736207,"y":-2.2578938007354738,"z":0.7767555117607117},"rotation":{"x":-0.2984153926372528,"y":-0.666350781917572,"z":0.33330637216567995,"w":-0.596572995185852},"size":4.045709609985352,"orthographic":false}