{"cameraMode":{"drawMode":0,"name":"Shaded","section":"Shading Mode"},"sceneLighting":false,"audioPlay":false,"sceneViewState":{"showFog":true,"showMaterialUpdate":false,"showSkybox":false,"showFlares":true,"showImageEffects":true,"showParticleSystems":true},"in2DMode":false,"pivot":{"x":-33.127593994140628,"y":-53.160621643066409,"z":151.7113494873047},"rotation":{"x":0.19367653131484986,"y":-0.17987017333507539,"z":0.036174096167087558,"w":0.9638141989707947},"size":194.28765869140626,"orthographic":false}