{"cameraMode":{"drawMode":0,"name":"Shaded","section":"Shading Mode"},"sceneLighting":false,"audioPlay":false,"sceneViewState":{"showFog":true,"showMaterialUpdate":false,"showSkybox":false,"showFlares":true,"showImageEffects":true,"showParticleSystems":true},"in2DMode":false,"pivot":{"x":-5.960071563720703,"y":0.08123032003641129,"z":-0.48205137252807619},"rotation":{"x":-0.039813682436943057,"y":-0.9589450359344482,"z":0.17183862626552583,"w":-0.22221332788467408},"size":2.1518332958221437,"orthographic":false}