{"cameraMode":{"drawMode":0,"name":"Shaded","section":"Shading Mode"},"sceneLighting":false,"audioPlay":false,"sceneViewState":{"showFog":true,"showMaterialUpdate":false,"showSkybox":false,"showFlares":true,"showImageEffects":true,"showParticleSystems":true},"in2DMode":false,"pivot":{"x":0.4621959924697876,"y":0.1784507781267166,"z":-0.32438644766807558},"rotation":{"x":0.17724037170410157,"y":-0.5585518479347229,"z":0.12363217771053314,"w":0.8008645176887512},"size":1.00581955909729,"orthographic":false}