{"cameraMode":{"drawMode":0,"name":"Shaded","section":"Shading Mode"},"sceneLighting":true,"audioPlay":false,"sceneViewState":{"showFog":true,"showMaterialUpdate":false,"showSkybox":true,"showFlares":true,"showImageEffects":true,"showParticleSystems":true},"in2DMode":false,"pivot":{"x":-4.3416218757629398,"y":19.028331756591798,"z":-11.223755836486817},"rotation":{"x":0.46473923325538638,"y":0.0052814423106610779,"z":-0.0028374050743877889,"w":0.8855105042457581},"size":15.68207836151123,"orthographic":false}