{"cameraMode":{"drawMode":0,"name":"Shaded","section":"Shading Mode"},"sceneLighting":false,"audioPlay":false,"sceneViewState":{"showFog":true,"showMaterialUpdate":false,"showSkybox":false,"showFlares":true,"showImageEffects":true,"showParticleSystems":true},"in2DMode":false,"pivot":{"x":0.19325776398181916,"y":-0.26777517795562746,"z":0.014632291160523892},"rotation":{"x":0.17465846240520478,"y":0.6768999695777893,"z":-0.1701534539461136,"w":0.6945861577987671},"size":1.471997618675232,"orthographic":false}