{"cameraMode":{"drawMode":0,"name":"Shaded","section":"Shading Mode"},"sceneLighting":false,"audioPlay":false,"sceneViewState":{"showFog":true,"showMaterialUpdate":false,"showSkybox":false,"showFlares":true,"showImageEffects":true,"showParticleSystems":true},"in2DMode":false,"pivot":{"x":0.42267128825187685,"y":-0.03706838935613632,"z":0.1552887260913849},"rotation":{"x":0.3284769356250763,"y":0.026895053684711458,"z":-0.00940423272550106,"w":0.9441486597061157},"size":3.129107713699341,"orthographic":false}