{"cameraMode":{"drawMode":0,"name":"Shaded","section":"Shading Mode"},"sceneLighting":true,"audioPlay":false,"sceneViewState":{"showFog":true,"showMaterialUpdate":false,"showSkybox":true,"showFlares":true,"showImageEffects":true,"showParticleSystems":true},"in2DMode":false,"pivot":{"x":-3.1499462127685549,"y":3.002725601196289,"z":3.1887073516845705},"rotation":{"x":-0.22176027297973634,"y":-0.04035910218954086,"z":0.009190854616463185,"w":-0.9742386341094971},"size":15.145590782165528,"orthographic":false}