{"cameraMode":{"drawMode":0,"name":"Shaded","section":"Shading Mode"},"sceneLighting":false,"audioPlay":false,"sceneViewState":{"showFog":true,"showMaterialUpdate":false,"showSkybox":false,"showFlares":true,"showImageEffects":true,"showParticleSystems":true},"in2DMode":false,"pivot":{"x":-8.990572929382325,"y":-6.937747001647949,"z":-3.538184642791748},"rotation":{"x":0.17295850813388825,"y":-0.7950297594070435,"z":0.26594382524490359,"w":0.5170305967330933},"size":18.045564651489259,"orthographic":false}