{"cameraMode":{"drawMode":0,"name":"Shaded","section":"Shading Mode"},"sceneLighting":false,"audioPlay":false,"sceneViewState":{"showFog":true,"showMaterialUpdate":false,"showSkybox":false,"showFlares":true,"showImageEffects":true,"showParticleSystems":true},"in2DMode":false,"pivot":{"x":-4.611780166625977,"y":-0.44750332832336428,"z":-2.758601427078247},"rotation":{"x":-0.14027199149131776,"y":-0.8587520718574524,"z":0.36999067664146426,"w":-0.32558557391166689},"size":5.241659164428711,"orthographic":false}