{"cameraMode":{"drawMode":0,"name":"Shaded","section":"Shading Mode"},"sceneLighting":false,"audioPlay":false,"sceneViewState":{"showFog":true,"showMaterialUpdate":false,"showSkybox":false,"showFlares":true,"showImageEffects":true,"showParticleSystems":true},"in2DMode":false,"pivot":{"x":-0.7179714441299439,"y":0.6434116959571838,"z":0.6783589124679565},"rotation":{"x":-0.023694826290011407,"y":-0.9727216362953186,"z":0.20002838969230653,"w":-0.11520940810441971},"size":5.241659164428711,"orthographic":false}