{"cameraMode":{"drawMode":0,"name":"Shaded","section":"Shading Mode"},"sceneLighting":true,"audioPlay":false,"sceneViewState":{"showFog":true,"showMaterialUpdate":false,"showSkybox":true,"showFlares":true,"showImageEffects":true,"showParticleSystems":true},"in2DMode":false,"pivot":{"x":-2.7939579486846926,"y":0.8400120139122009,"z":6.145021915435791},"rotation":{"x":-0.018321622163057329,"y":0.9771523475646973,"z":-0.09440261870622635,"w":-0.18964886665344239},"size":0.6122130155563355,"orthographic":false}